city,temperature_celsius
brisbane,12.354166666666666
canberra,12.354166666666666
darwin,12.354166666666666
hobart,12.354166666666666
melbourne,12.354166666666666
perth,12.354166666666666
sydney,12.354166666666666
